features,model,acc,macro_f1,macro_f1_std,log_loss
C: reduced + draw clues,Ensemble LR+RF,0.5006578947368421,0.47448157066485974,0.017124406724252923,0.9960003293252679
A: current 14,Ensemble LR+RF,0.5019736842105263,0.4717650981208236,0.02546952871375576,1.0014324863673725
B: reduced (Elo + form),RandomForest,0.4894736842105263,0.4709500572984296,0.016835438441785408,0.9959260332120528
A: current 14,RandomForest,0.4875,0.47032412962031306,0.019316915756706084,1.0023348717481673
C: reduced + draw clues,RandomForest,0.4861842105263158,0.46956342581859845,0.0281505459607228,0.9962004765843149
B: reduced (Elo + form),Ensemble LR+RF,0.49736842105263157,0.4694381722738204,0.016625538112918132,0.9963410605075818
C: reduced + draw clues,LogReg,0.5046052631578948,0.4694265468371559,0.009031815537344943,1.0029351007610356
B: reduced (Elo + form),LogReg,0.5059210526315789,0.46865716278916886,0.011416575296528638,1.0045565770483522
A: current 14,LogReg,0.5059210526315789,0.4661169261939405,0.0165490221740001,1.0099667951953655
C: reduced + draw clues,LogReg calibrated,0.5361842105263157,0.389613018667891,0.023982558534923506,0.9908265963137656
B: reduced (Elo + form),LogReg calibrated,0.531578947368421,0.3837700113991361,0.02289985017026921,0.9907212692148828
A: current 14,LogReg calibrated,0.5263157894736842,0.3786251159572254,0.027040937011052955,0.9946324219547135
