model_name,strategy,cv_macro_f1,cv_macro_f1_std,cv_acc,cv_log_loss
LogReg,none,0.3866835325948534,0.020336894257823087,0.5105263157894737,1.0287913516512264
LogReg,class_weight,0.44630076249414935,0.021803277389370317,0.4861842105263158,1.0511515838917744
LogReg,smote,0.44227579948579804,0.025902698117676665,0.47960526315789476,1.060098404091826
LogReg,random_over,0.4376157027081154,0.022591459396821924,0.4756578947368421,1.0547301965138174
LogReg,random_under,0.4575855533172163,0.035080650580384516,0.4927631578947368,1.063962323413846
DecisionTree,none,0.4026380983526053,0.017093503582166276,0.4638157894736842,1.7548186039760876
DecisionTree,class_weight,0.41813396549140786,0.04625838660456083,0.43421052631578944,1.7477625461562842
DecisionTree,smote,0.40785497524433373,0.00582716428021408,0.4361842105263158,1.576772527606539
DecisionTree,random_over,0.4079836615494837,0.028240293537480116,0.42894736842105263,1.5810949823384934
DecisionTree,random_under,0.40336144971364024,0.06073993724679514,0.4131578947368421,1.3722166443381583
RandomForest,none,0.38947789354770557,0.022367783250264457,0.5098684210526316,1.0080172203122775
RandomForest,class_weight,0.4272585974138199,0.04522041490592898,0.4651315789473684,1.0248382408134336
RandomForest,smote,0.4189139586609071,0.04684172318074623,0.4519736842105263,1.0386600295134225
RandomForest,random_over,0.42681124278959104,0.03675991898687143,0.46381578947368424,1.0327407289668409
RandomForest,random_under,0.42376193125462874,0.03724978160917247,0.4447368421052631,1.0386371772321663
HistGB,none,0.4050620473032471,0.037870115543948396,0.47828947368421054,1.1422024334681775
HistGB,class_weight,0.4169345038992784,0.04157867986906334,0.44671052631578945,1.153549842394589
HistGB,smote,0.41415099919488824,0.0439143654857481,0.4539473684210526,1.1789007425896203
HistGB,random_over,0.4268276150544677,0.032853104935974146,0.4631578947368421,1.178029272759995
HistGB,random_under,0.3965173472490383,0.023674044088094832,0.4157894736842106,1.1946408080053177
